ID,type,cost,initial quantity,quantity,node,completely matched
14,offer,53.6,0.25,0.25,15,False
F2,offer,66.3,0.1,0.1,3,False
F13,offer,56.3,0.05,0.05,14,False
F6,offer,57.2,0.26,0.010000000000000009,7,False
F12,offer,62.3,0.06,0.06,13,False
F11,offer,54.2,0.14,0.14,12,False
7,request,51.8,1.19,0.8999999999999999,8,False
F7,offer,54.3,0.25,0.25,8,False
F9,offer,53.9,0.04,0.04,10,False
13,request,51.4,0.25,0.12000000000000001,14,False
6,request,52.8,0.96,0.12999999999999995,7,False
