ID,type,cost,initial quantity,quantity,node,completely matched
14,offer,45.4,0.16,0.07100000000000001,15,False
13,offer,52.3,0.1,0.052000000000000005,14,False
3,offer,42.2,0.3,0.175,4,False
11,request,64.9,0.1,0.038000000000000006,12,False
